USE university;

INSERT INTO students
VALUES (1003,'Phil','Kelly'),(1006,'Virginia','Jones'),(1016,'Diane','Simpson'),
(1031,'Joe','Robertson'),(1041,'Natalie','Lee'),(1050,'Donna','Chapman'),(1062,'Kevin','Pullman'),
(1074,'Jonathan','Hart'),(1086,'Joshua','Newman'),(1098,'John','Peake'),(1107,'Theresa','Gill'),
(1122,'Steven','King'),(1137,'Amanda','Cornish'),(1146,'Leah','Mills'),(1156,'Maria','Piper'),
(1161,'Joshua','Knox'),(1164,'Caroline','Poole'),(1178,'Liam','Mills'),(1192,'Joe','Terry'),
(1196,'Anna','Roberts'),(1199,'Peter','Marshall'),(1210,'Amelia','Hill'),(1224,'Michelle','Reid'),
(1230,'Jason','Bower'),(1236,'Jane','Grant'),(1245,'Bella','Gray'),(1258,'Nathan','Gibson'),
(1271,'Christopher','Taylor'),(1277,'William','Wright'),(1286,'Katherine','Parsons'),
(1295,'Adrian','Graham'),(1308,'Hannah','Blake'),(1323,'Rachel','Baker'),(1327,'Donna','Walsh'),
(1333,'Frank','Young'),(1348,'Liam','Chapman'),(1350,'Hannah','Short'),(1353,'Tracey','James'),
(1363,'Sebastian','Hughes'),(1377,'Faith','Ellison'),(1382,'Sean','Edmunds'),(1396,'Yvonne','Arnold'),
(1406,'Una','Berry'),(1413,'Grace','Poole'),(1420,'Maria','Paige'),(1428,'Matt','McLean'),
(1442,'Ruth','Hemmings'),(1451,'Rachel','Tucker'),(1460,'Colin','Cornish'),(1472,'Lisa','Walker'),
(1487,'Warren','Lambert'),(1491,'Peter','Abraham'),(1505,'Stephen','Wallace'),(1512,'Emily','Russell'),
(1521,'Eric','Coleman'),(1524,'Ava','Johnston'),(1536,'Lisa','Short'),(1544,'Emma','Kerr'),
(1556,'Rose','Metcalfe'),(1571,'Pippa','Coleman'),(1576,'Gavin','Johnston'),(1585,'Amanda','Taylor'),
(1589,'Dylan','Bower'),(1603,'Evan','Parr'),(1613,'Kimberly','Carr'),(1617,'Leonard','Dyer'),
(1622,'Penelope','Sanderson'),(1626,'Karen','Parr'),(1641,'Rachel','Payne'),
(1648,'Alexander','Forsyth'),(1650,'Jessica','Allan'),(1658,'Charles','Martin'),
(1661,'Ruth','Piper'),(1664,'Pippa','Hemmings'),(1668,'Sam','Wilkins'),(1673,'Trevor','Peters'),
(1683,'Ryan','Payne'),(1685,'Anne','Lyman'),(1697,'Alison','Avery'),(1701,'Adam','Kelly'),
(1712,'Thomas','Cornish'),(1715,'Jacob','Randall'),(1721,'Dan','Slater'),(1736,'Boris','Rampling'),
(1747,'Richard','Clarkson'),(1759,'Blake','Russell'),(1761,'Adam','Wilson'),(1768,'Adrian','Randall'),
(1779,'Pippa','Robertson'),(1787,'Anna','Russell'),(1793,'Piers','Parr'),(1800,'Ryan','Avery'),
(1802,'Victoria','Davies'),(1805,'John','MacLeod'),(1813,'Sophie','Taylor'),(1815,'Virginia','Knox'),
(1826,'Sean','Scott'),(1841,'Julian','Peters'),(1853,'Hannah','Murray'),(1858,'Amelia','Black'),
(1866,'Alexandra','Parsons'),(1878,'Phil','Oliver'),(1886,'Sue','Lambert'),(1899,'Jane','Langdon'),
(1914,'Amy','Clark'),(1917,'Jack','Buckland'),(1924,'Matt','Hart'),(1938,'John','Butler'),
(1948,'Sam','Stewart'),(1962,'Andrea','Hart'),(1968,'Richard','Nash'),(1981,'Kevin','Forsyth'),
(1992,'Adrian','Rutherford'),(2007,'Max','MacLeod'),(2011,'Dorothy','James'),
(2022,'Alexander','Pullman'),(2031,'Nicola','Scott'),(2044,'Kylie','Hart'),(2053,'Diana','Arnold'),
(2057,'Jason','Hamilton'),(2061,'Leah','Forsyth'),(2067,'Alexander','Skinner'),
(2073,'Matt','Terry'),(2082,'Dylan','Davidson'),(2096,'Virginia','Turner'),
(2111,'Yvonne','McLean'),(2117,'Caroline','MacDonald'),(2121,'Kevin','Nolan'),
(2123,'Hannah','Churchill'),(2132,'Natalie','Sutherland'),(2134,'Dominic','Reid'),
(2136,'Amelia','Berry'),(2138,'Heather','Hughes'),(2150,'Christian','Metcalfe'),
(2154,'Katherine','McLean'),(2166,'Irene','Dyer'),(2173,'Harry','Paterson'),
(2187,'Kylie','Rutherford'),(2200,'Edward','MacDonald'),(2202,'Sonia','Payne'),
(2204,'Una','Roberts'),(2207,'Liam','Black'),(2221,'Justin','Wilkins'),(2235,'Sophie','Morrison'),
(2238,'Christian','Campbell'),(2250,'Simon','Peters'),(2263,'Alexandra','Lewis'),
(2266,'Felicity','Paige'),(2281,'Sophie','Langdon'),(2295,'Olivia','Hughes'),(2298,'James','Clark'),
(2302,'Sally','Harris'),(2310,'Sally','Hemmings'),(2314,'Phil','Baker'),(2318,'Felicity','Metcalfe'),
(2322,'Yvonne','Henderson'),(2327,'Lucas','Churchill'),(2332,'Lily','Wilson'),(2344,'Paul','Ross'),
(2356,'Kevin','Lambert'),(2365,'Steven','Forsyth'),(2372,'Megan','Davidson'),
(2376,'Gabrielle','Mitchell'),(2386,'Gabrielle','Howard'),(2391,'Blake','Hunter'),
(2393,'Ian','Young'),(2402,'Vanessa','Cornish'),(2415,'James','Baker'),(2424,'James','Howard'),
(2432,'Rebecca','Terry'),(2436,'Phil','Sanderson'),(2448,'Sarah','Cameron'),(2462,'Connor','Alsop'),
(2466,'Sam','Paige'),(2476,'Ruth','Underwood'),(2482,'Carol','Peake'),(2491,'Claire','Gill'),
(2493,'Natalie','Roberts'),(2507,'Jake','James'),(2509,'Simon','Gill'),(2513,'Jacob','Poole'),
(2528,'Oliver','Turner'),(2536,'Ava','Edmunds'),(2551,'Isaac','Alsop'),(2559,'Carol','Chapman'),
(2562,'Stephanie','Taylor'),(2569,'Sonia','Bond'),(2580,'Owen','Ellison'),
(2584,'Bernadette','Marshall'),(2588,'Jake','Rampling'),(2590,'Adrian','Miller'),
(2596,'Dylan','Butler'),(2604,'Benjamin','Duncan'),(2613,'William','Cameron'),
(2617,'Lucas','Lambert'),(2619,'Sonia','Piper'),(2634,'Gordon','Graham'),(2645,'Jason','Stewart'),
(2650,'Julia','Chapman'),(2660,'Vanessa','Chapman'),(2673,'Alison','Greene'),(2682,'Matt','Simpson'),
(2689,'Alexander','Mitchell'),(2692,'Eric','Chapman'),(2707,'Alexander','Clarkson'),
(2713,'Ryan','Bond'),(2727,'Yvonne','Glover'),(2734,'Sean','Rampling'),(2744,'Peter','Hardacre'),
(2752,'Nicholas','Davies'),(2757,'Joshua','Martin'),(2759,'John','Gibson'),(2763,'Michael','Coleman'),
(2769,'Maria','Stewart'),(2775,'Owen','Bell'),(2790,'Keith','Miller'),(2801,'Gabrielle','Rampling'),
(2816,'Thomas','Sanderson'),(2824,'Boris','Randall'),(2833,'Isaac','McGrath'),(2842,'Rose','Nash'),
(2848,'Liam','Scott'),(2859,'Jessica','Rampling'),(2861,'Alexander','Smith'),(2868,'Nathan','Butler'),
(2873,'Evan','Churchill'),(2878,'Adrian','Paterson'),(2889,'Eric','Rutherford'),
(2895,'Hannah','Payne'),(2904,'Julia','Clark'),(2914,'Rachel','Greene'),(2916,'Bella','Quinn'),
(2928,'Ruth','Mitchell'),(2937,'Rose','Buckland'),(2943,'Anthony','Dyer'),(2953,'Ava','Lawrence'),
(2960,'Julian','Slater'),(2962,'Michelle','Gray'),(2966,'Lauren','Wallace'),(2981,'Donna','White'),
(2989,'Lauren','Howard'),(2995,'Julia','Kerr'),(3002,'Connor','Dickens'),(3004,'Adrian','Hudson'),
(3017,'Richard','Johnston'),(3029,'Lauren','Ferguson'),(3035,'Paul','Mackenzie'),
(3044,'Nathan','Fraser'),(3053,'Brandon','Ferguson'),(3065,'Julian','Gray'),(3080,'Ava','Vaughan'),
(3087,'Sonia','Berry'),(3092,'Olivia','Avery'),(3104,'Carl','Clark'),(3112,'Justin','Buckland'),
(3116,'Charles','Stewart'),(3128,'Ian','Blake'),(3133,'Deirdre','Quinn'),(3146,'Gavin','Miller'),
(3156,'Caroline','Sharp'),(3168,'Sebastian','Ellison'),(3179,'Karen','Robertson'),
(3193,'Andrew','Paige'),(3205,'Evan','Cameron'),(3213,'Charles','Davies'),(3215,'Alison','McDonald'),
(3218,'Samantha','Simpson'),(3220,'Luke','Bell'),(3232,'Elizabeth','Fisher'),(3244,'Oliver','Chapman'),
(3257,'Kevin','Abraham'),(3265,'Julia','Grant'),(3278,'Warren','Slater'),(3282,'Rachel','Lyman'),
(3294,'Emma','Jones'),(3298,'Alexander','Watson'),(3301,'Adam','Sanderson'),(3310,'Jan','Knox'),
(3323,'Donna','McGrath'),(3330,'Owen','Parr'),(3332,'Ryan','Hudson'),(3342,'Tim','Morgan'),
(3346,'Jasmine','Harris'),(3353,'Fiona','Allan'),(3366,'Peter','Mackenzie'),(3374,'Joseph','Dowd'),
(3388,'Hannah','Kelly'),(3399,'Carl','Alsop'),(3401,'Felicity','Johnston'),(3409,'Luke','Ince'),
(3422,'Benjamin','Bond'),(3427,'Felicity','Cameron'),(3441,'Vanessa','Hunter'),(3452,'Lily','Poole'),
(3456,'Edward','Wilkins'),(3465,'Leonard','Fisher'),(3476,'Katherine','Sanderson'),
(3484,'Frank','Smith'),(3489,'Stewart','Hardacre'),(3500,'Brandon','Burgess'),(3503,'Zoe','Lambert'),
(3514,'Jason','McLean'),(3519,'Samantha','Johnston'),(3526,'Sarah','Vance'),(3533,'Dorothy','Black'),
(3536,'Kimberly','Wilson'),(3542,'Richard','Dyer'),(3556,'Matt','Churchill'),
(3560,'Anne','Churchill'),(3575,'Mary','Bell'),(3589,'Sally','Hamilton'),(3598,'Edward','Pullman'),
(3605,'Sean','White'),(3613,'Bella','Hamilton'),(3621,'Jacob','Berry'),(3631,'Carl','Hardacre'),
(3639,'Kevin','Terry'),(3641,'Samantha','Sanderson'),(3646,'Maria','Baker'),(3659,'John','Allan'),
(3667,'James','Vaughan'),(3678,'Alan','Hunter'),(3683,'Pippa','Piper'),(3691,'Piers','Bower'),
(3697,'Evan','MacLeod'),(3702,'Isaac','Coleman'),(3715,'Neil','Greene'),(3723,'Joanne','Ferguson'),
(3737,'Lisa','Mills'),(3740,'Katherine','Gill'),(3753,'Jason','Black'),(3757,'Stewart','Sharp'),
(3761,'Isaac','Slater'),(3766,'Alan','Ross'),(3776,'Simon','Nolan'),(3785,'Jacob','Marshall'),
(3792,'Ruth','Hamilton'),(3797,'Tracey','Avery'),(3805,'Kylie','Paterson'),(3807,'Sarah','Fisher'),
(3818,'Amanda','Howard'),(3821,'Steven','Sutherland'),(3828,'Brian','Ball'),(3838,'Max','Young'),
(3844,'Donna','North'),(3847,'Audrey','Grant'),(3849,'Alison','Bower'),(3851,'Lucas','McGrath'),
(3859,'Lillian','Grant'),(3863,'Rebecca','Hudson'),(3876,'Yvonne','Kelly'),(3888,'Sebastian','Ince'),
(3900,'Lauren','Hodges'),(3912,'Joshua','Howard'),(3927,'Charles','Baker'),(3934,'Trevor','Metcalfe'),
(3936,'Sean','Coleman'),(3943,'Dorothy','Sanderson'),(3952,'Anthony','Martin'),(3961,'Ian','Gill'),
(3963,'Amelia','Ross'),(3975,'Carolyn','Blake'),(3979,'Matt','Newman'),(3987,'Rachel','Walker'),
(4000,'Julian','Morrison'),(4002,'David','Hodges'),(4004,'Anne','Wright'),(4010,'Isaac','Randall'),
(4020,'Max','Coleman'),(4033,'Diane','Glover'),(4048,'Jasmine','Clarkson'),(4058,'Dylan','Forsyth'),
(4060,'Carl','Hill'),(4072,'Faith','Ince'),(4086,'Chloe','Bell'),(4089,'Jacob','Grant'),
(4092,'Wanda','Mackenzie'),(4094,'Zoe','Black'),(4106,'Victoria','Parsons'),(4110,'James','Quinn'),
(4116,'Owen','Lambert'),(4131,'Leonard','Clarkson'),(4142,'Rachel','Duncan'),(4148,'Joshua','Allan'),
(4154,'William','Johnston'),(4168,'Carol','North'),(4174,'Penelope','Stewart'),(4179,'James','Wright'),
(4185,'Jack','Metcalfe'),(4187,'Oliver','Sharp'),(4199,'Sonia','Mathis'),(4202,'Boris','Smith'),
(4214,'Jack','Smith'),(4218,'Rose','Short'),(4233,'Colin','Roberts'),(4240,'Chloe','Dowd'),
(4245,'Alison','Welch'),(4257,'Carol','Hudson'),(4268,'Maria','Skinner'),(4281,'William','James'),
(4287,'Alexandra','Piper'),(4295,'Amanda','Poole'),(4298,'Connor','Gibson'),(4304,'Nathan','Dyer'),
(4315,'Deirdre','Mathis'),(4330,'Donna','Taylor'),(4333,'Lauren','King'),(4344,'Olivia','Nolan'),
(4357,'Chloe','Henderson'),(4359,'Stephanie','Coleman'),(4369,'Neil','McLean'),(4380,'Joanne','Alsop'),
(4387,'Amy','Lewis'),(4393,'Stephanie','Thomson'),(4405,'Sarah','Russell'),(4416,'Connor','James'),
(4428,'Keith','Bond'),(4433,'Gavin','Harris'),(4439,'Yvonne','Payne'),(4448,'Dan','Dickens'),
(4461,'Karen','Nash'),(4463,'Owen','Wright'),(4474,'Thomas','Thomson'),(4485,'Dylan','Welch'),
(4489,'Emma','Parsons'),(4494,'Faith','Black'),(4503,'Karen','Alsop'),(4507,'Claire','Martin'),
(4518,'Una','Alsop'),(4528,'Boris','Fisher'),(4531,'Austin','Skinner'),(4546,'Virginia','Kerr'),
(4559,'Ruth','Slater'),(4567,'Sarah','Metcalfe'),(4571,'Deirdre','Poole'),(4574,'Max','Johnston'),
(4586,'Joe','Johnston'),(4599,'Carolyn','Ross'),(4601,'Richard','Glover'),(4609,'Bella','Hodges'),
(4619,'Abigail','Rees'),(4626,'Justin','Randall'),(4632,'Austin','Hardacre'),(4641,'John','Hunter'),
(4643,'Sean','Robertson'),(4649,'Warren','Kelly'),(4664,'Carl','Paige'),(4677,'Joshua','Ferguson'),
(4680,'Richard','Dickens'),(4686,'Carl','Vance'),(4689,'Madeleine','Morrison'),
(4691,'Rebecca','King'),(4705,'Caroline','Springer'),(4716,'Diane','Hamilton'),
(4723,'Michael','Greene'),(4726,'Pippa','Newman'),(4738,'Melanie','Morgan'),(4752,'Tim','MacLeod'),
(4758,'Jake','Burgess'),(4760,'Donna','Davidson'),(4772,'Ryan','Lambert'),(4785,'John','Fraser'),
(4799,'Lauren','Duncan'),(4813,'Victoria','Dickens'),(4818,'Leah','Alsop'),(4826,'Boris','Wallace'),
(4837,'Sally','Johnston'),(4847,'Robert','Young'),(4855,'Evan','Howard'),(4866,'Nathan','Reid'),
(4875,'Ruth','Gibson'),(4880,'Dominic','Hardacre'),(4888,'Angela','Tucker'),(4899,'Zoe','Gray'),
(4914,'Rose','McGrath'),(4921,'Justin','McGrath'),(4934,'William','Butler'),(4942,'Rachel','Wright'),
(4948,'Dorothy','Parr'),(4953,'Richard','Knox'),(4955,'Lillian','Thomson'),(4966,'Samantha','Dyer'),
(4973,'Adrian','Stewart'),(4984,'Liam','Nash'),(4994,'Joseph','Peters'),(5000,'Jasmine','Lawrence'),
(5013,'Natalie','Jackson'),(5022,'William','Gray'),(5036,'Alexandra','Butler'),
(5049,'Theresa','Thomson'),(5055,'Christopher','Martin'),(5059,'Rachel','Hart'),
(5072,'Keith','Terry'),(5082,'Dominic','Fraser'),(5096,'Justin','Hamilton'),
(5111,'Nicholas','Kerr'),(5122,'Megan','Bell'),(5124,'Nicola','Hill'),(5132,'Karen','McLean'),
(5146,'Isaac','Powell')
;

INSERT INTO professors
VALUES (1023,'Fiona','Miller','MED'),
(1414,'Alan','Buckland','MED'),
(1620,'Dominic','Johnston','MED'),
(2022,'Leonard','Baker','MED'),
(2132,'Grace','Reid','MED'),
(2368,'Andrew','Reid','MED'),
(2789,'Natalie','Robertson','MED'),
(2973,'Deirdre','McLean','MED'),
(3268,'Bernadette','Kelly','MED'),
(3557,'Adrian','Underwood','MED'),
(3612,'Una','Springer','MED'),
(3708,'Victoria','Pullman','MED'),
(3759,'Sophie','Randall','MED'),
(3797,'Nicola','Kelly','MED'),
(3855,'Oliver','Robertson','MED'),
(3909,'Jake','Glover','MATH'),
(3973,'Rebecca','Davies','MATH'),
(4058,'Blake','Lawrence','PSYCH'),
(4143,'Cameron','Fisher','PSYCH'),
(4168,'Evan','Young','PSYCH'),
(4256,'Anne','Vaughan','BIO'),
(4317,'Justin','Black','BIO'),
(4382,'Simon','Cameron','BIO'),
(4463,'Felicity','Wallace','BIO'),
(4516,'Tracey','Lewis','BIO'),
(4627,'Kim','Johnson','ENG')
;


INSERT INTO courses 
VALUES ('','NONE',0,''),
('BIOL129','Mammalian Anatomy',4,''),
('BIOL141','Introductory Physiology',3,''),
('BIOL142','Physiology Laboratory',1,''),
('CAS100','Effective Speech',3,''),
('CHEM101','Introductory Chemistry',3,''),
('CHEM111','Experimental Chemistry I',1,'CHEM101'),
('ENGL015','Rhetoric and Composition',3,''),
('ENGL202','Effective Writing',3,''),
('HDFS129','Introduction to Human Development and Family Studies',3,''),
('MICRB106','Elementary Microbiology',3,''),
('MICRB107','Elementary Microbiology Laboratory',1,''),
('NURS200','Introduction to Nursing Research',3,''),
('NURS205','Introduction to Pharmacological Concepts',3,''),
('NURS215','Health: Introduction to Wellness',3,''),
('NURS225','Health: Introduction to Illness',3,''),
('NURS230','Health: Nursing Process',4,''),
('NURS245','Violence and the Impact on Society',3,''),
('NURS301','Nursing Care of Client through the Adult Life Span',4,'NURS225'),
('NURS310','Nursing Care of the Elderly',4,'NURS225'),
('NURS320','Nursing Care of Young Adults',4,'NURS225'),
('NURS352','Advanced Health Assessment for the Registered Nurse',3,''),
('NURS357','Introduction to Nursing Informatics',3,''),
('NURS390','Transition and the Professional Nursing Role',3,''),
('NURS406','Nursing Care of Children and Adolescents',4,''),
('NURS409','Introduction to Forensic Nursing',3,''),
('NURS410','Forensic Evidence Collection and Preservation',3,'NURS409'),
('NURS411','Seminar in Forensic Nursing',3,'NURS409'),
('NURS417','Family and Community Health Concepts',4,''),
('NURS420','Mental Health Nursing',4,''),
('NURS430','Organization and Administration for the Nurse Manager',3,''),
('NURS431','Data Management for Nurse Managers',3,''),
('NURS432','Nursing Management of Human Resources',3,''),
('NURS433','Seminar for Nurse Managers',3,''),
('NURS440','Trauma/Critical Care Nursing',3,''),
('NURS458','Ethical Challenges in Health Care Informatics',3,''),
('NURS460','Advanced Concepts in Clinical Nursing Informatics',3,''),
('NURS465','Health Concepts for Adults with Complex Health Care Needs',3,''),
('NURS475','Integrated Concepts in Nursing Practice',3,''),
('NURS495','Nursing Study in Specialized Setting',1,''),
('NURS496','Independent Studies',1,''),
('NUTR251','Introductory Principles of Nutrition',3,''),
('PSYCH100','Psychology',3,''),
('SOC001','Introductory Sociology or Social Problems',3,''),
('STAT200','Elementary Statistics',4,'')
;


INSERT INTO sections 
VALUES
(1,'BIOL129','W','105',4256),(2,'BIOL129','M/W/F','118',4317),
(1,'BIOL141','M/W','118',4382),(2,'BIOL141','T/V','98',4516),
(1,'BIOL142','W','30',4463),
(1,'CAS100','M/W/F','29',4627),(2,'CAS100','T/V','118',4627),
(1,'CHEM101','M/W/F','94',4317),
(1,'ENGL015','T/V','98',4627),
(1,'ENGL202','W','30',4627),
(1,'HDFS129','T/V','98',4058),(2,'HDFS129','M/W/F','94',4143),(3,'HDFS129','V','105',4168),
(1,'MICRB106','M/W/F','61',4256),(2,'MICRB106','T/V','30',4516),
(1,'MICRB107','M/W/F','34',4463),(2,'MICRB107','T/V','34',4382),(3,'MICRB107','M','105',4317),
(1,'NURS200','M/W/F','98',1414),
(1,'NURS205','M/W','94',1023),(2,'NURS205','T/V','61',3612),(3,'NURS205','V','57',3855),
(1,'NURS215','M/W','105',2973),
(1,'NURS225','M/W/F','29',1620),(2,'NURS225','T/V','34',2368),(3,'NURS225','M/W','94',2789),
(1,'NURS230','T/V','118',2022),(2,'NURS230','M/W/F','98',3557),
(1,'NURS245','V','61',2132),
(1,'NURS301','M/W/F','105',3797),(2,'NURS301','T/V','118',3759),(3,'NURS301','M/W/F','98',3268),
(1,'NURS320','T/V','34',3708),(2,'NURS320','M','98',2368),(3,'NURS320','V','94',3759),
(1,'NURS352','T/V','29',3855),(2,'NURS352','M','57',2132),
(1,'NURS357','V','118',3797),
(1,'NURS390','M/W/F','29',1023),
(1,'NURS406','M','105',1620),(2,'NURS406','V','94',3557),(3,'NURS406','V','98',2973),
(1,'NURS409','V','105',2789),(2,'NURS409','T/V','29',2022),(3,'NURS409','T/V','105',3708),
(1,'NURS410','W','98',3612),(2,'NURS410','W','61',3268),
(1,'NURS411','W','98',1414),(2,'NURS411','V','118',3759),(3,'NURS411','M/W/F','98',1414),
(1,'NURS417','T/V','105',1620),
(1,'NURS420','M','98',2368),(2,'NURS420','M/W','118',3797),(3,'NURS420','T/V','105',2022),
(1,'NURS430','W','105',1023),
(1,'NURS431','M/W','61',3708),(2,'NURS431','W','118',2973),
(1,'NURS432','V','30',3855),(2,'NURS432','W','94',2789),(3,'NURS432','W','61',3268),
(1,'NURS433','M/W/F','30',3557),(2,'NURS433','T/V','57',2132),
(1,'NURS440','T/V','57',3612),(2,'NURS440','M','94',4058),(3,'NURS440','V','61',4143),
(1,'NURS458','V','105',4168),(2,'NURS458','M/W','98',3612),(3,'NURS458','T/V','61',2973),
(1,'NURS460','M/W/F','61',2368),(2,'NURS460','W','118',3797),
(1,'NURS465','M','61',3708),
(1,'NURS475','M','118',1620),
(1,'NURS495','T/V','61',3268),
(1,'NURS496','M/W/F','57',2973),
(1,'NUTR251','M/W','30',4516),(2,'NUTR251','T/V','94',2022),
(1,'PSYCH100','T/V','105',4143),
(1,'SOC001','W','105',4168),(2,'SOC001','M/W/F','98',4143),
(1,'STAT200','M/W','34',3909),(2,'STAT200','W','105',3973)
;


INSERT INTO enrollment
VALUES 
(1224,'BIOL129',1),(1544,'BIOL129',1),(1617,'BIOL129',1),(1622,'BIOL129',1),(1701,'BIOL129',1),(2022,'BIOL129',1),(2187,'BIOL129',1),(2281,'BIOL129',1),(2590,'BIOL129',1),(2634,'BIOL129',1),(2801,'BIOL129',1),(3323,'BIOL129',1),(3792,'BIOL129',1),(3963,'BIOL129',1),(4168,'BIOL129',1),(4245,'BIOL129',1),(4330,'BIOL129',1),(4448,'BIOL129',1),(4677,'BIOL129',1),(4855,'BIOL129',1),
(1122,'BIOL129',2),(1968,'BIOL129',2),(2121,'BIOL129',2),(2491,'BIOL129',2),(2584,'BIOL129',2),(2613,'BIOL129',2),(2769,'BIOL129',2),(2960,'BIOL129',2),(3179,'BIOL129',2),(3560,'BIOL129',2),(3702,'BIOL129',2),(3715,'BIOL129',2),(3797,'BIOL129',2),(3838,'BIOL129',2),(4020,'BIOL129',2),(4174,'BIOL129',2),(4218,'BIOL129',2),(4359,'BIOL129',2),(4559,'BIOL129',2),(4664,'BIOL129',2),(5132,'BIOL129',2),
(1041,'BIOL141',1),(1286,'BIOL141',1),(1406,'BIOL141',1),(1585,'BIOL141',1),(1603,'BIOL141',1),(1779,'BIOL141',1),(2067,'BIOL141',1),(2138,'BIOL141',1),(2166,'BIOL141',1),(2200,'BIOL141',1),(2207,'BIOL141',1),(2235,'BIOL141',1),(2295,'BIOL141',1),(2634,'BIOL141',1),(2682,'BIOL141',1),(2916,'BIOL141',1),(2953,'BIOL141',1),(3065,'BIOL141',1),(3080,'BIOL141',1),(3133,'BIOL141',1),(3353,'BIOL141',1),(3737,'BIOL141',1),(3776,'BIOL141',1),(3785,'BIOL141',1),(3828,'BIOL141',1),(4086,'BIOL141',1),(4154,'BIOL141',1),(4489,'BIOL141',1),(4880,'BIOL141',1),(4966,'BIOL141',1),
(1031,'BIOL141',2),(1236,'BIOL141',2),(1512,'BIOL141',2),(1521,'BIOL141',2),(1571,'BIOL141',2),(1622,'BIOL141',2),(1685,'BIOL141',2),(1787,'BIOL141',2),(1793,'BIOL141',2),(1886,'BIOL141',2),(1899,'BIOL141',2),(1962,'BIOL141',2),(2061,'BIOL141',2),(2314,'BIOL141',2),(2559,'BIOL141',2),(2744,'BIOL141',2),(2824,'BIOL141',2),(2873,'BIOL141',2),(2878,'BIOL141',2),(3044,'BIOL141',2),(3092,'BIOL141',2),(3193,'BIOL141',2),(3301,'BIOL141',2),(3323,'BIOL141',2),(3374,'BIOL141',2),(3667,'BIOL141',2),(3797,'BIOL141',2),(3943,'BIOL141',2),(4002,'BIOL141',2),(4010,'BIOL141',2),(4116,'BIOL141',2),(4298,'BIOL141',2),(4330,'BIOL141',2),(4393,'BIOL141',2),(4503,'BIOL141',2),(4921,'BIOL141',2),(5055,'BIOL141',2),(5096,'BIOL141',2),
(1003,'BIOL142',1),(1098,'BIOL142',1),(1210,'BIOL142',1),(1353,'BIOL142',1),(1613,'BIOL142',1),(1747,'BIOL142',1),(1779,'BIOL142',1),(1841,'BIOL142',1),(1899,'BIOL142',1),(1917,'BIOL142',1),(1938,'BIOL142',1),(1948,'BIOL142',1),(1981,'BIOL142',1),(2011,'BIOL142',1),(2121,'BIOL142',1),(2123,'BIOL142',1),(2136,'BIOL142',1),(2150,'BIOL142',1),(2266,'BIOL142',1),(2332,'BIOL142',1),(2365,'BIOL142',1),(2376,'BIOL142',1),(2436,'BIOL142',1),(2491,'BIOL142',1),(2604,'BIOL142',1),(2682,'BIOL142',1),(2769,'BIOL142',1),(2859,'BIOL142',1),(3029,'BIOL142',1),(3065,'BIOL142',1),(3116,'BIOL142',1),(3220,'BIOL142',1),(3301,'BIOL142',1),(3422,'BIOL142',1),(3503,'BIOL142',1),(3641,'BIOL142',1),(3961,'BIOL142',1),(4004,'BIOL142',1),(4048,'BIOL142',1),(4110,'BIOL142',1),(4116,'BIOL142',1),(4174,'BIOL142',1),(4185,'BIOL142',1),(4245,'BIOL142',1),(4268,'BIOL142',1),(4416,'BIOL142',1),(4531,'BIOL142',1),(4586,'BIOL142',1),(4866,'BIOL142',1),(4914,'BIOL142',1),(4942,'BIOL142',1),(4948,'BIOL142',1),(4953,'BIOL142',1),(5122,'BIOL142',1),
(1333,'CAS100',1),(1626,'CAS100',1),(1802,'CAS100',1),(1968,'CAS100',1),(2022,'CAS100',1),(2132,'CAS100',1),(2150,'CAS100',1),(2322,'CAS100',1),(2372,'CAS100',1),(2386,'CAS100',1),(2432,'CAS100',1),(2590,'CAS100',1),(2848,'CAS100',1),(3514,'CAS100',1),(3598,'CAS100',1),(3715,'CAS100',1),(3792,'CAS100',1),(3888,'CAS100',1),(3912,'CAS100',1),(4002,'CAS100',1),(4048,'CAS100',1),(4086,'CAS100',1),(4214,'CAS100',1),(4503,'CAS100',1),(4619,'CAS100',1),(4689,'CAS100',1),(5000,'CAS100',1),(5055,'CAS100',1),(5111,'CAS100',1),
(1098,'CAS100',2),(1230,'CAS100',2),(1327,'CAS100',2),(1938,'CAS100',2),(2117,'CAS100',2),(2207,'CAS100',2),(2365,'CAS100',2),(2707,'CAS100',2),(2816,'CAS100',2),(2966,'CAS100',2),(3092,'CAS100',2),(3128,'CAS100',2),(3278,'CAS100',2),(3342,'CAS100',2),(3526,'CAS100',2),(3821,'CAS100',2),(4058,'CAS100',2),(4089,'CAS100',2),(4257,'CAS100',2),(4295,'CAS100',2),(4357,'CAS100',2),(4387,'CAS100',2),(4507,'CAS100',2),(4546,'CAS100',2),(4567,'CAS100',2),(4914,'CAS100',2),(4942,'CAS100',2),(5049,'CAS100',2),
(1016,'CHEM101',1),(1164,'CHEM101',1),(1178,'CHEM101',1),(1196,'CHEM101',1),(1224,'CHEM101',1),(1258,'CHEM101',1),(1658,'CHEM101',1),(1715,'CHEM101',1),(1826,'CHEM101',1),(1878,'CHEM101',1),(1914,'CHEM101',1),(1968,'CHEM101',1),(2096,'CHEM101',1),(2150,'CHEM101',1),(2221,'CHEM101',1),(2327,'CHEM101',1),(2393,'CHEM101',1),(2424,'CHEM101',1),(2493,'CHEM101',1),(2650,'CHEM101',1),(2727,'CHEM101',1),(2752,'CHEM101',1),(2868,'CHEM101',1),(2914,'CHEM101',1),(2966,'CHEM101',1),(2981,'CHEM101',1),(3146,'CHEM101',1),(3399,'CHEM101',1),(3456,'CHEM101',1),(3500,'CHEM101',1),(3533,'CHEM101',1),(3589,'CHEM101',1),(3646,'CHEM101',1),(3821,'CHEM101',1),(3851,'CHEM101',1),(3888,'CHEM101',1),(3934,'CHEM101',1),(4000,'CHEM101',1),(4010,'CHEM101',1),(4072,'CHEM101',1),(4185,'CHEM101',1),(4199,'CHEM101',1),(4202,'CHEM101',1),(4233,'CHEM101',1),(4344,'CHEM101',1),(4428,'CHEM101',1),(4485,'CHEM101',1),(4503,'CHEM101',1),(4546,'CHEM101',1),(4619,'CHEM101',1),(4664,'CHEM101',1),(4716,'CHEM101',1),(4818,'CHEM101',1),(4847,'CHEM101',1),(4855,'CHEM101',1),(4973,'CHEM101',1),(4994,'CHEM101',1),(5000,'CHEM101',1),(5059,'CHEM101',1),(5072,'CHEM101',1),(5096,'CHEM101',1),
(1074,'ENGL015',1),(1258,'ENGL015',1),(1353,'ENGL015',1),(1363,'ENGL015',1),(1442,'ENGL015',1),(1472,'ENGL015',1),(1505,'ENGL015',1),(1521,'ENGL015',1),(1585,'ENGL015',1),(1648,'ENGL015',1),(1712,'ENGL015',1),(1853,'ENGL015',1),(2235,'ENGL015',1),(2365,'ENGL015',1),(2559,'ENGL015',1),(2588,'ENGL015',1),(2613,'ENGL015',1),(2645,'ENGL015',1),(2673,'ENGL015',1),(2682,'ENGL015',1),(2689,'ENGL015',1),(2757,'ENGL015',1),(2848,'ENGL015',1),(2868,'ENGL015',1),(2873,'ENGL015',1),(3004,'ENGL015',1),(3017,'ENGL015',1),(3193,'ENGL015',1),(3621,'ENGL015',1),(3659,'ENGL015',1),(3683,'ENGL015',1),(3697,'ENGL015',1),(3761,'ENGL015',1),(3785,'ENGL015',1),(3797,'ENGL015',1),(3805,'ENGL015',1),(3818,'ENGL015',1),(3849,'ENGL015',1),(3851,'ENGL015',1),(3863,'ENGL015',1),(3943,'ENGL015',1),(4257,'ENGL015',1),(4268,'ENGL015',1),(4281,'ENGL015',1),(4295,'ENGL015',1),(4369,'ENGL015',1),(4463,'ENGL015',1),(4574,'ENGL015',1),(4586,'ENGL015',1),(4899,'ENGL015',1),(5072,'ENGL015',1),
(1031,'ENGL202',1),(1086,'ENGL202',1),(1137,'ENGL202',1),(1192,'ENGL202',1),(1377,'ENGL202',1),(1396,'ENGL202',1),(1571,'ENGL202',1),(1576,'ENGL202',1),(1697,'ENGL202',1),(1787,'ENGL202',1),(1802,'ENGL202',1),(1805,'ENGL202',1),(1938,'ENGL202',1),(1948,'ENGL202',1),(2150,'ENGL202',1),(2314,'ENGL202',1),(2393,'ENGL202',1),(2432,'ENGL202',1),(2491,'ENGL202',1),(2536,'ENGL202',1),(2588,'ENGL202',1),(2617,'ENGL202',1),(2707,'ENGL202',1),(2727,'ENGL202',1),(2769,'ENGL202',1),(2928,'ENGL202',1),(2943,'ENGL202',1),(2962,'ENGL202',1),(3017,'ENGL202',1),(3104,'ENGL202',1),(3244,'ENGL202',1),(3282,'ENGL202',1),(3323,'ENGL202',1),(3342,'ENGL202',1),(3422,'ENGL202',1),(3476,'ENGL202',1),(3533,'ENGL202',1),(3536,'ENGL202',1),(3697,'ENGL202',1),(3723,'ENGL202',1),(3859,'ENGL202',1),(3936,'ENGL202',1),(3963,'ENGL202',1),(3979,'ENGL202',1),(4004,'ENGL202',1),(4168,'ENGL202',1),(4185,'ENGL202',1),(4199,'ENGL202',1),(4218,'ENGL202',1),(4405,'ENGL202',1),(4439,'ENGL202',1),(4474,'ENGL202',1),(4619,'ENGL202',1),(4677,'ENGL202',1),(4813,'ENGL202',1),(4818,'ENGL202',1),(4914,'ENGL202',1),(4942,'ENGL202',1),(4948,'ENGL202',1),(4955,'ENGL202',1),(5022,'ENGL202',1),(5049,'ENGL202',1),(5059,'ENGL202',1),
(1041,'HDFS129',1),(1062,'HDFS129',1),(1886,'HDFS129',1),(1962,'HDFS129',1),(2061,'HDFS129',1),(2310,'HDFS129',1),(2613,'HDFS129',1),(2692,'HDFS129',1),(2833,'HDFS129',1),(3168,'HDFS129',1),(3323,'HDFS129',1),(3366,'HDFS129',1),(3805,'HDFS129',1),(3821,'HDFS129',1),(3936,'HDFS129',1),(4000,'HDFS129',1),
(1323,'HDFS129',2),(1512,'HDFS129',2),(1524,'HDFS129',2),(1981,'HDFS129',2),(2044,'HDFS129',2),(2154,'HDFS129',2),(2314,'HDFS129',2),(2861,'HDFS129',2),(2914,'HDFS129',2),(3332,'HDFS129',2),(3536,'HDFS129',2),(3753,'HDFS129',2),(3757,'HDFS129',2),(4433,'HDFS129',2),(4439,'HDFS129',2),(4738,'HDFS129',2),(4785,'HDFS129',2),(4826,'HDFS129',2),(4847,'HDFS129',2),(5146,'HDFS129',2),
(1626,'HDFS129',3),(1787,'HDFS129',3),(2082,'HDFS129',3),(2187,'HDFS129',3),(2250,'HDFS129',3),(2344,'HDFS129',3),(2436,'HDFS129',3),(3053,'HDFS129',3),(3265,'HDFS129',3),(3646,'HDFS129',3),(3678,'HDFS129',3),(3912,'HDFS129',3),(4489,'HDFS129',3),(4503,'HDFS129',3),(4609,'HDFS129',3),(4680,'HDFS129',3),(4686,'HDFS129',3),(4758,'HDFS129',3),(4799,'HDFS129',3),(4994,'HDFS129',3),
(1074,'MICRB106',1),(1350,'MICRB106',1),(1683,'MICRB106',1),(1793,'MICRB106',1),(1886,'MICRB106',1),(2263,'MICRB106',1),(2302,'MICRB106',1),(2372,'MICRB106',1),(2386,'MICRB106',1),(2604,'MICRB106',1),(2824,'MICRB106',1),(2859,'MICRB106',1),(2889,'MICRB106',1),(2962,'MICRB106',1),(3232,'MICRB106',1),(3301,'MICRB106',1),(3422,'MICRB106',1),(3641,'MICRB106',1),(3683,'MICRB106',1),(3691,'MICRB106',1),(3818,'MICRB106',1),(4116,'MICRB106',1),(4179,'MICRB106',1),(4233,'MICRB106',1),(4507,'MICRB106',1),(4559,'MICRB106',1),(4574,'MICRB106',1),(4888,'MICRB106',1),(4934,'MICRB106',1),
(1107,'MICRB106',2),(1178,'MICRB106',2),(1622,'MICRB106',2),(1673,'MICRB106',2),(1697,'MICRB106',2),(1736,'MICRB106',2),(1981,'MICRB106',2),(2123,'MICRB106',2),(2466,'MICRB106',2),(2476,'MICRB106',2),(2528,'MICRB106',2),(2551,'MICRB106',2),(2569,'MICRB106',2),(2801,'MICRB106',2),(3080,'MICRB106',2),(3220,'MICRB106',2),(3388,'MICRB106',2),(3503,'MICRB106',2),(3519,'MICRB106',2),(3575,'MICRB106',2),(3589,'MICRB106',2),(3613,'MICRB106',2),(3859,'MICRB106',2),(4000,'MICRB106',2),(4092,'MICRB106',2),(4174,'MICRB106',2),(4199,'MICRB106',2),(4494,'MICRB106',2),(4723,'MICRB106',2),(4813,'MICRB106',2),(4818,'MICRB106',2),(4847,'MICRB106',2),(5132,'MICRB106',2),(5146,'MICRB106',2),
(1041,'MICRB107',1),(1382,'MICRB107',1),(1813,'MICRB107',1),(2073,'MICRB107',1),(2302,'MICRB107',1),(2356,'MICRB107',1),(2509,'MICRB107',1),(3053,'MICRB107',1),(3215,'MICRB107',1),(3489,'MICRB107',1),(3605,'MICRB107',1),(3847,'MICRB107',1),(3987,'MICRB107',1),(4148,'MICRB107',1),(4357,'MICRB107',1),(4586,'MICRB107',1),(5132,'MICRB107',1),
(1107,'MICRB107',2),(1487,'MICRB107',2),(2117,'MICRB107',2),(2200,'MICRB107',2),(2204,'MICRB107',2),(2221,'MICRB107',2),(2372,'MICRB107',2),(2528,'MICRB107',2),(2617,'MICRB107',2),(3104,'MICRB107',2),(3332,'MICRB107',2),(3975,'MICRB107',2),(4004,'MICRB107',2),(4295,'MICRB107',2),(4387,'MICRB107',2),(4393,'MICRB107',2),(4875,'MICRB107',2),(4994,'MICRB107',2),
(1003,'MICRB107',3),(1122,'MICRB107',3),(1413,'MICRB107',3),(2111,'MICRB107',3),(2551,'MICRB107',3),(2590,'MICRB107',3),(2682,'MICRB107',3),(2801,'MICRB107',3),(3092,'MICRB107',3),(3168,'MICRB107',3),(3257,'MICRB107',3),(3330,'MICRB107',3),(3366,'MICRB107',3),(3388,'MICRB107',3),(3757,'MICRB107',3),(3934,'MICRB107',3),(4461,'MICRB107',3),(4643,'MICRB107',3),(4686,'MICRB107',3),(4689,'MICRB107',3),(4705,'MICRB107',3),(4738,'MICRB107',3),(4758,'MICRB107',3),(4837,'MICRB107',3),(4899,'MICRB107',3),(5055,'MICRB107',3),
(1178,'NURS200',1),(1230,'NURS200',1),(1277,'NURS200',1),(1382,'NURS200',1),(1396,'NURS200',1),(1406,'NURS200',1),(1521,'NURS200',1),(1544,'NURS200',1),(1841,'NURS200',1),(1992,'NURS200',1),(2011,'NURS200',1),(2053,'NURS200',1),(2057,'NURS200',1),(2096,'NURS200',1),(2173,'NURS200',1),(2202,'NURS200',1),(2238,'NURS200',1),(2356,'NURS200',1),(2432,'NURS200',1),(2580,'NURS200',1),(2650,'NURS200',1),(2763,'NURS200',1),(2833,'NURS200',1),(2848,'NURS200',1),(3035,'NURS200',1),(3116,'NURS200',1),(3179,'NURS200',1),(3441,'NURS200',1),(3452,'NURS200',1),(3476,'NURS200',1),(3500,'NURS200',1),(3503,'NURS200',1),(3542,'NURS200',1),(3639,'NURS200',1),(3646,'NURS200',1),(3678,'NURS200',1),(3723,'NURS200',1),(3900,'NURS200',1),(3952,'NURS200',1),(3979,'NURS200',1),(4094,'NURS200',1),(4281,'NURS200',1),(4393,'NURS200',1),(4433,'NURS200',1),(4531,'NURS200',1),(4574,'NURS200',1),(4632,'NURS200',1),(4649,'NURS200',1),(4942,'NURS200',1),(4953,'NURS200',1),(4966,'NURS200',1),(4984,'NURS200',1),(5000,'NURS200',1),
(1199,'NURS205',1),(1805,'NURS205',1),(2376,'NURS205',1),(2448,'NURS205',1),(2507,'NURS205',1),(2551,'NURS205',1),(2824,'NURS205',1),(2873,'NURS205',1),(2916,'NURS205',1),(2953,'NURS205',1),(3330,'NURS205',1),(3489,'NURS205',1),(3526,'NURS205',1),(3631,'NURS205',1),(4142,'NURS205',1),(4202,'NURS205',1),(4330,'NURS205',1),
(1323,'NURS205',2),(1382,'NURS205',2),(1420,'NURS205',2),(1589,'NURS205',2),(1815,'NURS205',2),(2207,'NURS205',2),(2673,'NURS205',2),(2744,'NURS205',2),(2775,'NURS205',2),(3342,'NURS205',2),(3766,'NURS205',2),(4058,'NURS205',2),(4233,'NURS205',2),(4599,'NURS205',2),
(1146,'NURS205',3),(1224,'NURS205',3),(1348,'NURS205',3),(1396,'NURS205',3),(1556,'NURS205',3),(1617,'NURS205',3),(1768,'NURS205',3),(1841,'NURS205',3),(2044,'NURS205',3),(2327,'NURS205',3),(2344,'NURS205',3),(2619,'NURS205',3),(2833,'NURS205',3),(2937,'NURS205',3),(3087,'NURS205',3),(4245,'NURS205',3),(4344,'NURS205',3),(4837,'NURS205',3),(5000,'NURS205',3),(5049,'NURS205',3),
(1156,'NURS215',1),(1406,'NURS215',1),(1505,'NURS215',1),(1536,'NURS215',1),(1544,'NURS215',1),(1603,'NURS215',1),(1648,'NURS215',1),(1800,'NURS215',1),(1815,'NURS215',1),(1853,'NURS215',1),(1992,'NURS215',1),(2057,'NURS215',1),(2111,'NURS215',1),(2166,'NURS215',1),(2200,'NURS215',1),(2322,'NURS215',1),(2436,'NURS215',1),(2528,'NURS215',1),(2588,'NURS215',1),(2619,'NURS215',1),(2734,'NURS215',1),(2752,'NURS215',1),(2842,'NURS215',1),(2895,'NURS215',1),(2937,'NURS215',1),(2943,'NURS215',1),(2960,'NURS215',1),(2962,'NURS215',1),(2966,'NURS215',1),(2981,'NURS215',1),(3029,'NURS215',1),(3035,'NURS215',1),(3128,'NURS215',1),(3205,'NURS215',1),(3213,'NURS215',1),(3218,'NURS215',1),(3244,'NURS215',1),(3298,'NURS215',1),(3330,'NURS215',1),(3388,'NURS215',1),(3441,'NURS215',1),(3503,'NURS215',1),(3514,'NURS215',1),(3631,'NURS215',1),(3646,'NURS215',1),(3697,'NURS215',1),(3987,'NURS215',1),(4148,'NURS215',1),(4179,'NURS215',1),(4185,'NURS215',1),(4359,'NURS215',1),(4369,'NURS215',1),(4559,'NURS215',1),(4586,'NURS215',1),(4643,'NURS215',1),(4723,'NURS215',1),(4866,'NURS215',1),(4953,'NURS215',1),(5049,'NURS215',1),(5111,'NURS215',1),(5122,'NURS215',1),
(1086,'NURS225',1),(2391,'NURS225',1),(2645,'NURS225',1),(2752,'NURS225',1),(2895,'NURS225',1),(2953,'NURS225',1),(3205,'NURS225',1),(3409,'NURS225',1),(3859,'NURS225',1),(3952,'NURS225',1),(4072,'NURS225',1),(4880,'NURS225',1),(5036,'NURS225',1),
(1348,'NURS225',2),(1353,'NURS225',2),(1487,'NURS225',2),(1648,'NURS225',2),(1721,'NURS225',2),(2007,'NURS225',2),(2344,'NURS225',2),(2432,'NURS225',2),(2462,'NURS225',2),(2619,'NURS225',2),(3002,'NURS225',2),(3104,'NURS225',2),(3388,'NURS225',2),(3401,'NURS225',2),(3533,'NURS225',2),(3598,'NURS225',2),(4142,'NURS225',2),(4281,'NURS225',2),(4599,'NURS225',2),(4680,'NURS225',2),(4716,'NURS225',2),(5124,'NURS225',2),
(1271,'NURS225',3),(1603,'NURS225',3),(1650,'NURS225',3),(1866,'NURS225',3),(2386,'NURS225',3),(2734,'NURS225',3),(2757,'NURS225',3),(2937,'NURS225',3),(3004,'NURS225',3),(3053,'NURS225',3),(3232,'NURS225',3),(3374,'NURS225',3),(3456,'NURS225',3),(3639,'NURS225',3),(3828,'NURS225',3),(4723,'NURS225',3),
(1016,'NURS230',1),(1107,'NURS230',1),(1363,'NURS230',1),(1800,'NURS230',1),(1878,'NURS230',1),(2250,'NURS230',1),(2298,'NURS230',1),(2302,'NURS230',1),(2372,'NURS230',1),(2466,'NURS230',1),(2689,'NURS230',1),(2713,'NURS230',1),(3035,'NURS230',1),(3116,'NURS230',1),(3156,'NURS230',1),(3484,'NURS230',1),(3575,'NURS230',1),(3646,'NURS230',1),(3757,'NURS230',1),(3766,'NURS230',1),(3952,'NURS230',1),(4106,'NURS230',1),(4380,'NURS230',1),(4691,'NURS230',1),(4818,'NURS230',1),(4899,'NURS230',1),(4934,'NURS230',1),
(1161,'NURS230',2),(1428,'NURS230',2),(1613,'NURS230',2),(1641,'NURS230',2),(1701,'NURS230',2),(2391,'NURS230',2),(2393,'NURS230',2),(2551,'NURS230',2),(2759,'NURS230',2),(3029,'NURS230',2),(3399,'NURS230',2),(3631,'NURS230',2),(3683,'NURS230',2),(3818,'NURS230',2),(3934,'NURS230',2),(4000,'NURS230',2),(4060,'NURS230',2),(4357,'NURS230',2),(4716,'NURS230',2),(4726,'NURS230',2),(4813,'NURS230',2),(4953,'NURS230',2),(5036,'NURS230',2),(5082,'NURS230',2),
(1003,'NURS245',1),(1156,'NURS245',1),(1230,'NURS245',1),(1245,'NURS245',1),(1286,'NURS245',1),(1308,'NURS245',1),(1406,'NURS245',1),(1524,'NURS245',1),(1571,'NURS245',1),(1585,'NURS245',1),(1658,'NURS245',1),(1721,'NURS245',1),(1779,'NURS245',1),(1815,'NURS245',1),(1841,'NURS245',1),(1968,'NURS245',1),(2263,'NURS245',1),(2365,'NURS245',1),(2391,'NURS245',1),(2509,'NURS245',1),(2528,'NURS245',1),(2580,'NURS245',1),(2759,'NURS245',1),(2833,'NURS245',1),(2878,'NURS245',1),(2895,'NURS245',1),(3004,'NURS245',1),(3044,'NURS245',1),(3112,'NURS245',1),(3232,'NURS245',1),(3401,'NURS245',1),(3427,'NURS245',1),(3761,'NURS245',1),(3766,'NURS245',1),(3792,'NURS245',1),(3961,'NURS245',1),(3979,'NURS245',1),(4002,'NURS245',1),(4089,'NURS245',1),(4092,'NURS245',1),(4148,'NURS245',1),(4333,'NURS245',1),(4344,'NURS245',1),(4359,'NURS245',1),(4405,'NURS245',1),(4448,'NURS245',1),(4461,'NURS245',1),(4474,'NURS245',1),(4494,'NURS245',1),(4626,'NURS245',1),(4643,'NURS245',1),(4680,'NURS245',1),(4689,'NURS245',1),(4705,'NURS245',1),(4738,'NURS245',1),(4752,'NURS245',1),(4855,'NURS245',1),(4948,'NURS245',1),(4966,'NURS245',1),(5059,'NURS245',1),(5124,'NURS245',1),
(1062,'NURS301',1),(1192,'NURS301',1),(1199,'NURS301',1),(1210,'NURS301',1),(1236,'NURS301',1),(1420,'NURS301',1),(1626,'NURS301',1),(1668,'NURS301',1),(2318,'NURS301',1),(2415,'NURS301',1),(2493,'NURS301',1),(2562,'NURS301',1),(2816,'NURS301',1),(2889,'NURS301',1),(2904,'NURS301',1),(2960,'NURS301',1),(3366,'NURS301',1),(3912,'NURS301',1),(4048,'NURS301',1),(4214,'NURS301',1),(4433,'NURS301',1),(4567,'NURS301',1),(4752,'NURS301',1),(4888,'NURS301',1),(4934,'NURS301',1),(5132,'NURS301',1),
(1161,'NURS301',2),(1348,'NURS301',2),(1697,'NURS301',2),(1761,'NURS301',2),(1826,'NURS301',2),(2266,'NURS301',2),(2376,'NURS301',2),(2692,'NURS301',2),(2995,'NURS301',2),(3065,'NURS301',2),(3213,'NURS301',2),(3332,'NURS301',2),(3489,'NURS301',2),(3560,'NURS301',2),(4033,'NURS301',2),(4148,'NURS301',2),(4599,'NURS301',2),(4772,'NURS301',2),
(1295,'NURS301',3),(1576,'NURS301',3),(1701,'NURS301',3),(1800,'NURS301',3),(1948,'NURS301',3),(2569,'NURS301',3),(3257,'NURS301',3),(3346,'NURS301',3),(3465,'NURS301',3),(4416,'NURS301',3),(4726,'NURS301',3),
(1487,'NURS320',1),(1589,'NURS320',1),(1712,'NURS320',1),(2061,'NURS320',1),(2082,'NURS320',1),(2202,'NURS320',1),(2391,'NURS320',1),(2482,'NURS320',1),(3427,'NURS320',1),(3484,'NURS320',1),(3542,'NURS320',1),(3792,'NURS320',1),(3961,'NURS320',1),(4089,'NURS320',1),(4240,'NURS320',1),(4287,'NURS320',1),(4380,'NURS320',1),(4772,'NURS320',1),(5013,'NURS320',1),
(1413,'NURS320',2),(1917,'NURS320',2),(1924,'NURS320',2),(1948,'NURS320',2),(2462,'NURS320',2),(2650,'NURS320',2),(2790,'NURS320',2),(3002,'NURS320',2),(3257,'NURS320',2),(3514,'NURS320',2),(4086,'NURS320',2),(4187,'NURS320',2),(4494,'NURS320',2),(4705,'NURS320',2),(4826,'NURS320',2),(5096,'NURS320',2),(5111,'NURS320',2),
(1031,'NURS320',3),(1348,'NURS320',3),(1363,'NURS320',3),(1377,'NURS320',3),(1661,'NURS320',3),(1747,'NURS320',3),(2022,'NURS320',3),(2111,'NURS320',3),(2138,'NURS320',3),(2250,'NURS320',3),(2596,'NURS320',3),(2763,'NURS320',3),(2775,'NURS320',3),(2873,'NURS320',3),(3004,'NURS320',3),(3330,'NURS320',3),(3399,'NURS320',3),(3401,'NURS320',3),(4571,'NURS320',3),
(1003,'NURS352',1),(1031,'NURS352',1),(1050,'NURS352',1),(1098,'NURS352',1),(1353,'NURS352',1),(1420,'NURS352',1),(1524,'NURS352',1),(1641,'NURS352',1),(1992,'NURS352',1),(2031,'NURS352',1),(2044,'NURS352',1),(2134,'NURS352',1),(2415,'NURS352',1),(2491,'NURS352',1),(2528,'NURS352',1),(2562,'NURS352',1),(2759,'NURS352',1),(2895,'NURS352',1),(3017,'NURS352',1),(3244,'NURS352',1),(3298,'NURS352',1),(3456,'NURS352',1),(3639,'NURS352',1),(3847,'NURS352',1),(3849,'NURS352',1),(3888,'NURS352',1),(3963,'NURS352',1),(4020,'NURS352',1),(4086,'NURS352',1),(4106,'NURS352',1),(4461,'NURS352',1),(4760,'NURS352',1),(4875,'NURS352',1),(4994,'NURS352',1),(5013,'NURS352',1),
(1006,'NURS352',2),(1086,'NURS352',2),(1196,'NURS352',2),(1442,'NURS352',2),(1650,'NURS352',2),(1747,'NURS352',2),(1924,'NURS352',2),(2204,'NURS352',2),(2356,'NURS352',2),(2914,'NURS352',2),(3282,'NURS352',2),(3533,'NURS352',2),(3542,'NURS352',2),(3785,'NURS352',2),(3838,'NURS352',2),(3936,'NURS352',2),(4004,'NURS352',2),(4179,'NURS352',2),(4528,'NURS352',2),(4641,'NURS352',2),(4705,'NURS352',2),(4738,'NURS352',2),(4948,'NURS352',2),(4953,'NURS352',2),
(1016,'NURS357',1),(1196,'NURS357',1),(1230,'NURS357',1),(1245,'NURS357',1),(1271,'NURS357',1),(1413,'NURS357',1),(1428,'NURS357',1),(1460,'NURS357',1),(1472,'NURS357',1),(1544,'NURS357',1),(1589,'NURS357',1),(1787,'NURS357',1),(1793,'NURS357',1),(1858,'NURS357',1),(2221,'NURS357',1),(2263,'NURS357',1),(2322,'NURS357',1),(2462,'NURS357',1),(2536,'NURS357',1),(2650,'NURS357',1),(2790,'NURS357',1),(2816,'NURS357',1),(2848,'NURS357',1),(2868,'NURS357',1),(3035,'NURS357',1),(3116,'NURS357',1),(3128,'NURS357',1),(3146,'NURS357',1),(3205,'NURS357',1),(3218,'NURS357',1),(3294,'NURS357',1),(3353,'NURS357',1),(3533,'NURS357',1),(3556,'NURS357',1),(3598,'NURS357',1),(3659,'NURS357',1),(3776,'NURS357',1),(3851,'NURS357',1),(3934,'NURS357',1),(3943,'NURS357',1),(3987,'NURS357',1),(4033,'NURS357',1),(4110,'NURS357',1),(4304,'NURS357',1),(4463,'NURS357',1),(4528,'NURS357',1),(4571,'NURS357',1),(4599,'NURS357',1),(4649,'NURS357',1),(4677,'NURS357',1),(4847,'NURS357',1),(4934,'NURS357',1),(4973,'NURS357',1),(5013,'NURS357',1),(5022,'NURS357',1),
(1041,'NURS390',1),(1277,'NURS390',1),(1323,'NURS390',1),(1442,'NURS390',1),(1460,'NURS390',1),(1487,'NURS390',1),(1571,'NURS390',1),(1712,'NURS390',1),(1721,'NURS390',1),(1858,'NURS390',1),(2007,'NURS390',1),(2057,'NURS390',1),(2073,'NURS390',1),(2173,'NURS390',1),(2204,'NURS390',1),(2415,'NURS390',1),(2513,'NURS390',1),(2634,'NURS390',1),(2673,'NURS390',1),(2707,'NURS390',1),(2734,'NURS390',1),(2943,'NURS390',1),(2995,'NURS390',1),(3087,'NURS390',1),(3104,'NURS390',1),(3213,'NURS390',1),(3218,'NURS390',1),(3257,'NURS390',1),(3489,'NURS390',1),(3526,'NURS390',1),(3556,'NURS390',1),(3639,'NURS390',1),(3737,'NURS390',1),(3818,'NURS390',1),(3844,'NURS390',1),(3863,'NURS390',1),(3912,'NURS390',1),(3975,'NURS390',1),(4089,'NURS390',1),(4131,'NURS390',1),(4214,'NURS390',1),(4359,'NURS390',1),(4369,'NURS390',1),(4416,'NURS390',1),(4428,'NURS390',1),(4531,'NURS390',1),(4559,'NURS390',1),(4586,'NURS390',1),(4691,'NURS390',1),(4813,'NURS390',1),(4888,'NURS390',1),(4899,'NURS390',1),(5013,'NURS390',1),(5096,'NURS390',1),
(1031,'NURS406',1),(1199,'NURS406',1),(1277,'NURS406',1),(1353,'NURS406',1),(1673,'NURS406',1),(1802,'NURS406',1),(1826,'NURS406',1),(2138,'NURS406',1),(2295,'NURS406',1),(2859,'NURS406',1),(3301,'NURS406',1),(3605,'NURS406',1),(3621,'NURS406',1),(3979,'NURS406',1),(4268,'NURS406',1),(4387,'NURS406',1),(4518,'NURS406',1),
(1161,'NURS406',2),(1556,'NURS406',2),(1661,'NURS406',2),(1736,'NURS406',2),(1858,'NURS406',2),(2111,'NURS406',2),(2402,'NURS406',2),(2757,'NURS406',2),(2878,'NURS406',2),(3116,'NURS406',2),(3294,'NURS406',2),(3427,'NURS406',2),(3589,'NURS406',2),(3807,'NURS406',2),(3927,'NURS406',2),(3961,'NURS406',2),(4072,'NURS406',2),(5022,'NURS406',2),
(1062,'NURS406',3),(1271,'NURS406',3),(1460,'NURS406',3),(1536,'NURS406',3),(1668,'NURS406',3),(1701,'NURS406',3),(1878,'NURS406',3),(2067,'NURS406',3),(2123,'NURS406',3),(2132,'NURS406',3),(2136,'NURS406',3),(2507,'NURS406',3),(2660,'NURS406',3),(3133,'NURS406',3),(3193,'NURS406',3),(3244,'NURS406',3),(3500,'NURS406',3),(3697,'NURS406',3),(3753,'NURS406',3),(3987,'NURS406',3),(4060,'NURS406',3),(4214,'NURS406',3),(4281,'NURS406',3),(4304,'NURS406',3),(4921,'NURS406',3),
(1050,'NURS409',1),(1428,'NURS409',1),(1451,'NURS409',1),(1683,'NURS409',1),(1992,'NURS409',1),(2476,'NURS409',1),(3002,'NURS409',1),(3035,'NURS409',1),(3133,'NURS409',1),(3215,'NURS409',1),(3278,'NURS409',1),(3422,'NURS409',1),(3589,'NURS409',1),(3605,'NURS409',1),(3838,'NURS409',1),(4474,'NURS409',1),
(1230,'NURS409',2),(1472,'NURS409',2),(1613,'NURS409',2),(1617,'NURS409',2),(2073,'NURS409',2),(2462,'NURS409',2),(2734,'NURS409',2),(3575,'NURS409',2),(4058,'NURS409',2),(4240,'NURS409',2),(4677,'NURS409',2),(4723,'NURS409',2),(4914,'NURS409',2),(5146,'NURS409',2),
(1122,'NURS409',3),(1236,'NURS409',3),(1866,'NURS409',3),(1924,'NURS409',3),(2053,'NURS409',3),(2067,'NURS409',3),(2344,'NURS409',3),(2424,'NURS409',3),(2448,'NURS409',3),(2619,'NURS409',3),(2713,'NURS409',3),(2914,'NURS409',3),(3065,'NURS409',3),(3761,'NURS409',3),(3934,'NURS409',3),(4092,'NURS409',3),(4174,'NURS409',3),(4257,'NURS409',3),(4268,'NURS409',3),(4601,'NURS409',3),(5122,'NURS409',3),
(1413,'NURS410',1),(1768,'NURS410',1),(2031,'NURS410',1),(2057,'NURS410',1),(2154,'NURS410',1),(2173,'NURS410',1),(2298,'NURS410',1),(2356,'NURS410',1),(2376,'NURS410',1),(2617,'NURS410',1),(2645,'NURS410',1),(2673,'NURS410',1),(2707,'NURS410',1),(2859,'NURS410',1),(3484,'NURS410',1),(3556,'NURS410',1),(3667,'NURS410',1),(3702,'NURS410',1),(3828,'NURS410',1),(3936,'NURS410',1),(3943,'NURS410',1),(4287,'NURS410',1),(4664,'NURS410',1),(4686,'NURS410',1),(4899,'NURS410',1),(5072,'NURS410',1),
(1074,'NURS410',2),(1327,'NURS410',2),(1866,'NURS410',2),(1962,'NURS410',2),(2493,'NURS410',2),(2551,'NURS410',2),(2569,'NURS410',2),(2692,'NURS410',2),(2763,'NURS410',2),(2868,'NURS410',2),(2916,'NURS410',2),(3087,'NURS410',2),(3278,'NURS410',2),(3374,'NURS410',2),(3542,'NURS410',2),(3641,'NURS410',2),(3683,'NURS410',2),(3723,'NURS410',2),(4154,'NURS410',2),(4245,'NURS410',2),(4507,'NURS410',2),(4921,'NURS410',2),(4934,'NURS410',2),
(1074,'NURS411',1),(1156,'NURS411',1),(1736,'NURS411',1),(1886,'NURS411',1),(3232,'NURS411',1),(3526,'NURS411',1),(3605,'NURS411',1),(3805,'NURS411',1),(3838,'NURS411',1),(4214,'NURS411',1),(4268,'NURS411',1),(4518,'NURS411',1),(4758,'NURS411',1),(5111,'NURS411',1),
(1146,'NURS411',2),(1793,'NURS411',2),(1826,'NURS411',2),(1962,'NURS411',2),(2200,'NURS411',2),(2204,'NURS411',2),(2235,'NURS411',2),(2816,'NURS411',2),(3452,'NURS411',2),(3575,'NURS411',2),(3678,'NURS411',2),(3740,'NURS411',2),(3987,'NURS411',2),(4507,'NURS411',2),(4738,'NURS411',2),(5022,'NURS411',2),
(1236,'NURS411',3),(1333,'NURS411',3),(1428,'NURS411',3),(1668,'NURS411',3),(1938,'NURS411',3),(2584,'NURS411',3),(2757,'NURS411',3),(2775,'NURS411',3),(2842,'NURS411',3),(3065,'NURS411',3),(3346,'NURS411',3),(3456,'NURS411',3),(4333,'NURS411',3),(4546,'NURS411',3),(4785,'NURS411',3),(4826,'NURS411',3),
(1107,'NURS417',1),(1146,'NURS417',1),(1156,'NURS417',1),(1224,'NURS417',1),(1350,'NURS417',1),(1451,'NURS417',1),(1512,'NURS417',1),(1576,'NURS417',1),(1650,'NURS417',1),(1664,'NURS417',1),(1805,'NURS417',1),(1886,'NURS417',1),(2022,'NURS417',1),(2132,'NURS417',1),(2134,'NURS417',1),(2166,'NURS417',1),(2281,'NURS417',1),(2310,'NURS417',1),(2332,'NURS417',1),(2424,'NURS417',1),(2493,'NURS417',1),(2562,'NURS417',1),(2584,'NURS417',1),(2619,'NURS417',1),(2650,'NURS417',1),(2801,'NURS417',1),(2824,'NURS417',1),(2904,'NURS417',1),(3017,'NURS417',1),(3282,'NURS417',1),(3298,'NURS417',1),(3310,'NURS417',1),(3452,'NURS417',1),(3536,'NURS417',1),(3639,'NURS417',1),(3667,'NURS417',1),(3683,'NURS417',1),(3838,'NURS417',1),(3863,'NURS417',1),(3876,'NURS417',1),(4092,'NURS417',1),(4110,'NURS417',1),(4116,'NURS417',1),(4233,'NURS417',1),(4240,'NURS417',1),(4344,'NURS417',1),(4369,'NURS417',1),(4416,'NURS417',1),(4461,'NURS417',1),(4518,'NURS417',1),(4574,'NURS417',1),(4601,'NURS417',1),(4609,'NURS417',1),(4758,'NURS417',1),(4875,'NURS417',1),(5036,'NURS417',1),
(1137,'NURS420',1),(1779,'NURS420',1),(1800,'NURS420',1),(1813,'NURS420',1),(2327,'NURS420',1),(2816,'NURS420',1),(3659,'NURS420',1),(3702,'NURS420',1),(3975,'NURS420',1),(5036,'NURS420',1),(5132,'NURS420',1),
(1536,'NURS420',2),(1585,'NURS420',2),(1917,'NURS420',2),(2082,'NURS420',2),(2281,'NURS420',2),(2376,'NURS420',2),(2402,'NURS420',2),(2889,'NURS420',2),(3526,'NURS420',2),(3740,'NURS420',2),(3797,'NURS420',2),(3847,'NURS420',2),(3900,'NURS420',2),(4058,'NURS420',2),(4202,'NURS420',2),(4380,'NURS420',2),(4626,'NURS420',2),(4726,'NURS420',2),(4799,'NURS420',2),(4866,'NURS420',2),(4888,'NURS420',2),(5122,'NURS420',2),
(1323,'NURS420',3),(1715,'NURS420',3),(1761,'NURS420',3),(2121,'NURS420',3),(2123,'NURS420',3),(2707,'NURS420',3),(3168,'NURS420',3),(3465,'NURS420',3),(3476,'NURS420',3),(3613,'NURS420',3),(4033,'NURS420',3),(4643,'NURS420',3),(4664,'NURS420',3),(4921,'NURS420',3),
(1210,'NURS430',1),(1236,'NURS430',1),(1258,'NURS430',1),(1308,'NURS430',1),(1460,'NURS430',1),(1512,'NURS430',1),(1521,'NURS430',1),(1556,'NURS430',1),(1712,'NURS430',1),(1815,'NURS430',1),(1981,'NURS430',1),(2011,'NURS430',1),(2073,'NURS430',1),(2166,'NURS430',1),(2173,'NURS430',1),(2202,'NURS430',1),(2238,'NURS430',1),(2432,'NURS430',1),(2448,'NURS430',1),(2491,'NURS430',1),(2584,'NURS430',1),(2596,'NURS430',1),(2689,'NURS430',1),(2763,'NURS430',1),(2775,'NURS430',1),(2859,'NURS430',1),(2861,'NURS430',1),(2989,'NURS430',1),(3053,'NURS430',1),(3133,'NURS430',1),(3156,'NURS430',1),(3353,'NURS430',1),(3374,'NURS430',1),(3422,'NURS430',1),(3452,'NURS430',1),(3514,'NURS430',1),(3560,'NURS430',1),(3631,'NURS430',1),(3641,'NURS430',1),(3753,'NURS430',1),(3797,'NURS430',1),(3844,'NURS430',1),(3900,'NURS430',1),(3943,'NURS430',1),(4033,'NURS430',1),(4094,'NURS430',1),(4131,'NURS430',1),(4245,'NURS430',1),(4295,'NURS430',1),(4405,'NURS430',1),(4463,'NURS430',1),(4626,'NURS430',1),(4632,'NURS430',1),(4641,'NURS430',1),(4689,'NURS430',1),(4826,'NURS430',1),(4866,'NURS430',1),(4875,'NURS430',1),(4955,'NURS430',1),(4984,'NURS430',1),(5082,'NURS430',1),
(1271,'NURS431',1),(1617,'NURS431',1),(1685,'NURS431',1),(1721,'NURS431',1),(1759,'NURS431',1),(1761,'NURS431',1),(1805,'NURS431',1),(1917,'NURS431',1),(2221,'NURS431',1),(2263,'NURS431',1),(2318,'NURS431',1),(2588,'NURS431',1),(2873,'NURS431',1),(2928,'NURS431',1),(2937,'NURS431',1),(3112,'NURS431',1),(3282,'NURS431',1),(3323,'NURS431',1),(3346,'NURS431',1),(3452,'NURS431',1),(3465,'NURS431',1),(3519,'NURS431',1),(3542,'NURS431',1),(3723,'NURS431',1),(3776,'NURS431',1),(3785,'NURS431',1),(4048,'NURS431',1),(4058,'NURS431',1),(4094,'NURS431',1),(4110,'NURS431',1),(4142,'NURS431',1),(4330,'NURS431',1),(4448,'NURS431',1),(4955,'NURS431',1),
(1164,'NURS431',2),(1192,'NURS431',2),(1245,'NURS431',2),(1277,'NURS431',2),(1556,'NURS431',2),(1664,'NURS431',2),(1736,'NURS431',2),(1768,'NURS431',2),(1914,'NURS431',2),(2007,'NURS431',2),(2044,'NURS431',2),(2117,'NURS431',2),(2207,'NURS431',2),(2310,'NURS431',2),(2332,'NURS431',2),(2436,'NURS431',2),(2507,'NURS431',2),(2569,'NURS431',2),(2617,'NURS431',2),(2904,'NURS431',2),(2916,'NURS431',2),(3053,'NURS431',2),(3080,'NURS431',2),(3128,'NURS431',2),(3156,'NURS431',2),(3179,'NURS431',2),(3761,'NURS431',2),(3847,'NURS431',2),(3927,'NURS431',2),(4000,'NURS431',2),(4202,'NURS431',2),(4240,'NURS431',2),(4298,'NURS431',2),(4485,'NURS431',2),(4641,'NURS431',2),(4752,'NURS431',2),
(1673,'NURS432',1),(1685,'NURS432',1),(2011,'NURS432',1),(2053,'NURS432',1),(2117,'NURS432',1),(2121,'NURS432',1),(2136,'NURS432',1),(2150,'NURS432',1),(2482,'NURS432',1),(2509,'NURS432',1),(2842,'NURS432',1),(3104,'NURS432',1),(3294,'NURS432',1),(3409,'NURS432',1),(3613,'NURS432',1),(3912,'NURS432',1),(4072,'NURS432',1),(4199,'NURS432',1),(4304,'NURS432',1),(4359,'NURS432',1),(4380,'NURS432',1),(4571,'NURS432',1),(4726,'NURS432',1),(4813,'NURS432',1),
(1826,'NURS432',2),(2132,'NURS432',2),(2134,'NURS432',2),(2154,'NURS432',2),(2166,'NURS432',2),(2953,'NURS432',2),(3087,'NURS432',2),(4131,'NURS432',2),(4281,'NURS432',2),(4528,'NURS432',2),(4619,'NURS432',2),(4686,'NURS432',2),(5124,'NURS432',2),
(1161,'NURS432',3),(1178,'NURS432',3),(1199,'NURS432',3),(1363,'NURS432',3),(1460,'NURS432',3),(1715,'NURS432',3),(2250,'NURS432',3),(2332,'NURS432',3),(2507,'NURS432',3),(2536,'NURS432',3),(2713,'NURS432',3),(2895,'NURS432',3),(3282,'NURS432',3),(3621,'NURS432',3),(3697,'NURS432',3),(3753,'NURS432',3),(3785,'NURS432',3),(3821,'NURS432',3),(4168,'NURS432',3),(4298,'NURS432',3),(4664,'NURS432',3),(4691,'NURS432',3),(4716,'NURS432',3),(4826,'NURS432',3),(4955,'NURS432',3),
(1137,'NURS433',1),(1327,'NURS433',1),(1442,'NURS433',1),(1585,'NURS433',1),(1658,'NURS433',1),(1661,'NURS433',1),(1697,'NURS433',1),(2082,'NURS433',1),(2298,'NURS433',1),(2513,'NURS433',1),(2878,'NURS433',1),(3128,'NURS433',1),(3298,'NURS433',1),(3556,'NURS433',1),(3807,'NURS433',1),(3818,'NURS433',1),(3936,'NURS433',1),(4086,'NURS433',1),(4218,'NURS433',1),(4233,'NURS433',1),(4485,'NURS433',1),(4531,'NURS433',1),(4559,'NURS433',1),
(1041,'NURS433',2),(1098,'NURS433',2),(1286,'NURS433',2),(1491,'NURS433',2),(1505,'NURS433',2),(1521,'NURS433',2),(1571,'NURS433',2),(1673,'NURS433',2),(1793,'NURS433',2),(1800,'NURS433',2),(2154,'NURS433',2),(2173,'NURS433',2),(2327,'NURS433',2),(2356,'NURS433',2),(2692,'NURS433',2),(2775,'NURS433',2),(2861,'NURS433',2),(2914,'NURS433',2),(3080,'NURS433',2),(3503,'NURS433',2),(3828,'NURS433',2),(3844,'NURS433',2),(4033,'NURS433',2),(4387,'NURS433',2),(4503,'NURS433',2),(4567,'NURS433',2),(4705,'NURS433',2),(4785,'NURS433',2),(4799,'NURS433',2),(5146,'NURS433',2),
(1098,'NURS440',1),(1258,'NURS440',1),(1413,'NURS440',1),(1658,'NURS440',1),(1697,'NURS440',1),(1759,'NURS440',1),(1878,'NURS440',1),(2067,'NURS440',1),(2327,'NURS440',1),(2580,'NURS440',1),(2588,'NURS440',1),(2634,'NURS440',1),(2861,'NURS440',1),(2962,'NURS440',1),(3004,'NURS440',1),(3560,'NURS440',1),(3691,'NURS440',1),(4632,'NURS440',1),(5122,'NURS440',1),
(1146,'NURS440',2),(1164,'NURS440',2),(1420,'NURS440',2),(2200,'NURS440',2),(2281,'NURS440',2),(2613,'NURS440',2),(3215,'NURS440',2),(3310,'NURS440',2),(3536,'NURS440',2),(3723,'NURS440',2),(4072,'NURS440',2),(4154,'NURS440',2),(4601,'NURS440',2),(4691,'NURS440',2),(4760,'NURS440',2),(4818,'NURS440',2),(4855,'NURS440',2),
(1245,'NURS440',3),(1350,'NURS440',3),(1491,'NURS440',3),(1761,'NURS440',3),(2031,'NURS440',3),(2402,'NURS440',3),(2476,'NURS440',3),(2482,'NURS440',3),(2536,'NURS440',3),(2713,'NURS440',3),(3002,'NURS440',3),(3092,'NURS440',3),(3265,'NURS440',3),(3427,'NURS440',3),(3963,'NURS440',3),(4433,'NURS440',3),(4609,'NURS440',3),(4758,'NURS440',3),(5072,'NURS440',3),
(1137,'NURS458',1),(1295,'NURS458',1),(1350,'NURS458',1),(1650,'NURS458',1),(1668,'NURS458',1),(1683,'NURS458',1),(1759,'NURS458',1),(1853,'NURS458',1),(1866,'NURS458',1),(1914,'NURS458',1),(2562,'NURS458',1),(2904,'NURS458',1),(3301,'NURS458',1),(3519,'NURS458',1),(3667,'NURS458',1),(3678,'NURS458',1),(3761,'NURS458',1),(3849,'NURS458',1),(4528,'NURS458',1),(4994,'NURS458',1),
(1164,'NURS458',2),(1308,'NURS458',2),(1544,'NURS458',2),(1589,'NURS458',2),(1648,'NURS458',2),(1664,'NURS458',2),(2082,'NURS458',2),(2123,'NURS458',2),(2132,'NURS458',2),(2154,'NURS458',2),(2645,'NURS458',2),(2868,'NURS458',2),(3017,'NURS458',2),(3029,'NURS458',2),(3215,'NURS458',2),(3659,'NURS458',2),(3691,'NURS458',2),(4060,'NURS458',2),(4760,'NURS458',2),(4966,'NURS458',2),(5000,'NURS458',2),(5111,'NURS458',2),
(1396,'NURS458',3),(1451,'NURS458',3),(1787,'NURS458',3),(2250,'NURS458',3),(2689,'NURS458',3),(3044,'NURS458',3),(3156,'NURS458',3),(3244,'NURS458',3),(3388,'NURS458',3),(3465,'NURS458',3),(3876,'NURS458',3),(4094,'NURS458',3),(4131,'NURS458',3),(4168,'NURS458',3),(4984,'NURS458',3),
(1295,'NURS460',1),(1377,'NURS460',1),(1747,'NURS460',1),(1759,'NURS460',1),(1768,'NURS460',1),(2111,'NURS460',1),(2134,'NURS460',1),(2138,'NURS460',1),(2372,'NURS460',1),(2393,'NURS460',1),(2462,'NURS460',1),(2507,'NURS460',1),(2692,'NURS460',1),(2848,'NURS460',1),(3087,'NURS460',1),(3213,'NURS460',1),(3427,'NURS460',1),(3519,'NURS460',1),(3589,'NURS460',1),(3863,'NURS460',1),(4020,'NURS460',1),(4092,'NURS460',1),(4106,'NURS460',1),(4148,'NURS460',1),(4187,'NURS460',1),(4304,'NURS460',1),(4333,'NURS460',1),(4489,'NURS460',1),(4760,'NURS460',1),(5082,'NURS460',1),
(1122,'NURS460',2),(1161,'NURS460',2),(1858,'NURS460',2),(1899,'NURS460',2),(1938,'NURS460',2),(2061,'NURS460',2),(2187,'NURS460',2),(2569,'NURS460',2),(2744,'NURS460',2),(2763,'NURS460',2),(3112,'NURS460',2),(3146,'NURS460',2),(3179,'NURS460',2),(3193,'NURS460',2),(3805,'NURS460',2),(3900,'NURS460',2),(3975,'NURS460',2),(4004,'NURS460',2),(4060,'NURS460',2),(4202,'NURS460',2),(4428,'NURS460',2),(4485,'NURS460',2),(4494,'NURS460',2),(4571,'NURS460',2),(4601,'NURS460',2),(4609,'NURS460',2),(4632,'NURS460',2),(4641,'NURS460',2),(4752,'NURS460',2),(4785,'NURS460',2),(4880,'NURS460',2),(5055,'NURS460',2),
(1199,'NURS465',1),(1377,'NURS465',1),(1382,'NURS465',1),(1491,'NURS465',1),(1589,'NURS465',1),(1641,'NURS465',1),(1661,'NURS465',1),(1701,'NURS465',1),(1715,'NURS465',1),(1736,'NURS465',1),(1779,'NURS465',1),(1858,'NURS465',1),(1962,'NURS465',1),(1992,'NURS465',1),(2022,'NURS465',1),(2096,'NURS465',1),(2121,'NURS465',1),(2266,'NURS465',1),(2295,'NURS465',1),(2318,'NURS465',1),(2466,'NURS465',1),(2493,'NURS465',1),(2509,'NURS465',1),(2513,'NURS465',1),(2604,'NURS465',1),(2613,'NURS465',1),(2645,'NURS465',1),(2689,'NURS465',1),(2861,'NURS465',1),(2916,'NURS465',1),(2960,'NURS465',1),(3002,'NURS465',1),(3029,'NURS465',1),(3156,'NURS465',1),(3205,'NURS465',1),(3220,'NURS465',1),(3310,'NURS465',1),(3401,'NURS465',1),(3441,'NURS465',1),(3476,'NURS465',1),(3489,'NURS465',1),(3500,'NURS465',1),(3702,'NURS465',1),(3715,'NURS465',1),(3740,'NURS465',1),(3766,'NURS465',1),(3828,'NURS465',1),(3844,'NURS465',1),(3876,'NURS465',1),(3927,'NURS465',1),(4142,'NURS465',1),(4154,'NURS465',1),(4218,'NURS465',1),(4257,'NURS465',1),(4448,'NURS465',1),(4626,'NURS465',1),(4649,'NURS465',1),(4880,'NURS465',1),(4921,'NURS465',1),(4942,'NURS465',1),(5022,'NURS465',1),
(1016,'NURS475',1),(1050,'NURS475',1),(1192,'NURS475',1),(1210,'NURS475',1),(1245,'NURS475',1),(1295,'NURS475',1),(1308,'NURS475',1),(1333,'NURS475',1),(1472,'NURS475',1),(1556,'NURS475',1),(1661,'NURS475',1),(1685,'NURS475',1),(1712,'NURS475',1),(1768,'NURS475',1),(1802,'NURS475',1),(1917,'NURS475',1),(2057,'NURS475',1),(2073,'NURS475',1),(2281,'NURS475',1),(2302,'NURS475',1),(2318,'NURS475',1),(2536,'NURS475',1),(2580,'NURS475',1),(2713,'NURS475',1),(2757,'NURS475',1),(2937,'NURS475',1),(2966,'NURS475',1),(2981,'NURS475',1),(2989,'NURS475',1),(2995,'NURS475',1),(3146,'NURS475',1),(3257,'NURS475',1),(3332,'NURS475',1),(3346,'NURS475',1),(3441,'NURS475',1),(3476,'NURS475',1),(3514,'NURS475',1),(3598,'NURS475',1),(3621,'NURS475',1),(3641,'NURS475',1),(3691,'NURS475',1),(3737,'NURS475',1),(3776,'NURS475',1),(3821,'NURS475',1),(3859,'NURS475',1),(3863,'NURS475',1),(3888,'NURS475',1),(4048,'NURS475',1),(4089,'NURS475',1),(4106,'NURS475',1),(4174,'NURS475',1),(4187,'NURS475',1),(4295,'NURS475',1),(4298,'NURS475',1),(4304,'NURS475',1),(4357,'NURS475',1),(4416,'NURS475',1),(4428,'NURS475',1),(4461,'NURS475',1),(4463,'NURS475',1),(4494,'NURS475',1),(4531,'NURS475',1),(4546,'NURS475',1),(4601,'NURS475',1),(4619,'NURS475',1),(4680,'NURS475',1),(4837,'NURS475',1),(4855,'NURS475',1),(4984,'NURS475',1),(5055,'NURS475',1),(5059,'NURS475',1),
(1006,'NURS495',1),(1224,'NURS495',1),(1258,'NURS495',1),(1277,'NURS495',1),(1308,'NURS495',1),(1327,'NURS495',1),(1333,'NURS495',1),(1363,'NURS495',1),(1382,'NURS495',1),(1451,'NURS495',1),(1505,'NURS495',1),(1524,'NURS495',1),(1536,'NURS495',1),(1576,'NURS495',1),(1613,'NURS495',1),(1641,'NURS495',1),(1658,'NURS495',1),(1759,'NURS495',1),(1805,'NURS495',1),(1813,'NURS495',1),(1968,'NURS495',1),(2031,'NURS495',1),(2067,'NURS495',1),(2136,'NURS495',1),(2138,'NURS495',1),(2235,'NURS495',1),(2266,'NURS495',1),(2402,'NURS495',1),(2466,'NURS495',1),(2580,'NURS495',1),(2584,'NURS495',1),(2590,'NURS495',1),(2596,'NURS495',1),(2727,'NURS495',1),(2744,'NURS495',1),(2752,'NURS495',1),(2842,'NURS495',1),(2943,'NURS495',1),(3044,'NURS495',1),(3265,'NURS495',1),(3330,'NURS495',1),(3399,'NURS495',1),(3456,'NURS495',1),(3598,'NURS495',1),(3613,'NURS495',1),(3659,'NURS495',1),(3691,'NURS495',1),(3715,'NURS495',1),(3740,'NURS495',1),(3753,'NURS495',1),(3757,'NURS495',1),(3776,'NURS495',1),(3851,'NURS495',1),(3876,'NURS495',1),(4110,'NURS495',1),(4116,'NURS495',1),(4142,'NURS495',1),(4179,'NURS495',1),(4187,'NURS495',1),(4240,'NURS495',1),(4333,'NURS495',1),(4357,'NURS495',1),(4474,'NURS495',1),(4948,'NURS495',1),(4955,'NURS495',1),(5036,'NURS495',1),(5059,'NURS495',1),(5124,'NURS495',1),
(1050,'NURS496',1),(1107,'NURS496',1),(1156,'NURS496',1),(1196,'NURS496',1),(1286,'NURS496',1),(1333,'NURS496',1),(1406,'NURS496',1),(1420,'NURS496',1),(1442,'NURS496',1),(1524,'NURS496',1),(1617,'NURS496',1),(1650,'NURS496',1),(1664,'NURS496',1),(1802,'NURS496',1),(1813,'NURS496',1),(2053,'NURS496',1),(2061,'NURS496',1),(2096,'NURS496',1),(2187,'NURS496',1),(2295,'NURS496',1),(2298,'NURS496',1),(2365,'NURS496',1),(2391,'NURS496',1),(2476,'NURS496',1),(2513,'NURS496',1),(2559,'NURS496',1),(2596,'NURS496',1),(2734,'NURS496',1),(2790,'NURS496',1),(2928,'NURS496',1),(2960,'NURS496',1),(3215,'NURS496',1),(3265,'NURS496',1),(3278,'NURS496',1),(3298,'NURS496',1),(3366,'NURS496',1),(3807,'NURS496',1),(3876,'NURS496',1),(3927,'NURS496',1),(3979,'NURS496',1),(4489,'NURS496',1),(4574,'NURS496',1),(4875,'NURS496',1),(4914,'NURS496',1),(4973,'NURS496',1),(5082,'NURS496',1),(5124,'NURS496',1),
(1146,'NUTR251',1),(1622,'NUTR251',1),(1648,'NUTR251',1),(1815,'NUTR251',1),(1924,'NUTR251',1),(2007,'NUTR251',1),(2096,'NUTR251',1),(2134,'NUTR251',1),(2318,'NUTR251',1),(2393,'NUTR251',1),(2424,'NUTR251',1),(2476,'NUTR251',1),(2482,'NUTR251',1),(2509,'NUTR251',1),(2596,'NUTR251',1),(2759,'NUTR251',1),(2928,'NUTR251',1),(2966,'NUTR251',1),(2995,'NUTR251',1),(3044,'NUTR251',1),(3737,'NUTR251',1),(3757,'NUTR251',1),(4060,'NUTR251',1),(4185,'NUTR251',1),(4199,'NUTR251',1),(4393,'NUTR251',1),(4428,'NUTR251',1),(4489,'NUTR251',1),(4507,'NUTR251',1),(4571,'NUTR251',1),(4686,'NUTR251',1),(4723,'NUTR251',1),(4726,'NUTR251',1),(5049,'NUTR251',1),
(1050,'NUTR251',2),(1428,'NUTR251',2),(1603,'NUTR251',2),(1668,'NUTR251',2),(1683,'NUTR251',2),(1761,'NUTR251',2),(1899,'NUTR251',2),(2238,'NUTR251',2),(2295,'NUTR251',2),(2402,'NUTR251',2),(2562,'NUTR251',2),(2889,'NUTR251',2),(2943,'NUTR251',2),(3112,'NUTR251',2),(3218,'NUTR251',2),(3294,'NUTR251',2),(3353,'NUTR251',2),(3366,'NUTR251',2),(3399,'NUTR251',2),(3484,'NUTR251',2),(3715,'NUTR251',2),(3952,'NUTR251',2),(4010,'NUTR251',2),(4315,'NUTR251',2),(4626,'NUTR251',2),(4632,'NUTR251',2),
(1006,'PSYCH100',1),(1074,'PSYCH100',1),(1086,'PSYCH100',1),(1137,'PSYCH100',1),(1196,'PSYCH100',1),(1210,'PSYCH100',1),(1286,'PSYCH100',1),(1327,'PSYCH100',1),(1472,'PSYCH100',1),(1603,'PSYCH100',1),(1626,'PSYCH100',1),(1641,'PSYCH100',1),(1853,'PSYCH100',1),(1899,'PSYCH100',1),(1914,'PSYCH100',1),(1924,'PSYCH100',1),(1981,'PSYCH100',1),(2031,'PSYCH100',1),(2202,'PSYCH100',1),(2235,'PSYCH100',1),(2415,'PSYCH100',1),(2448,'PSYCH100',1),(2482,'PSYCH100',1),(2617,'PSYCH100',1),(2727,'PSYCH100',1),(2769,'PSYCH100',1),(2790,'PSYCH100',1),(2801,'PSYCH100',1),(2842,'PSYCH100',1),(2953,'PSYCH100',1),(2962,'PSYCH100',1),(2989,'PSYCH100',1),(2995,'PSYCH100',1),(3220,'PSYCH100',1),(3265,'PSYCH100',1),(3278,'PSYCH100',1),(3441,'PSYCH100',1),(3621,'PSYCH100',1),(3702,'PSYCH100',1),(3766,'PSYCH100',1),(3792,'PSYCH100',1),(3859,'PSYCH100',1),(3900,'PSYCH100',1),(3952,'PSYCH100',1),(4002,'PSYCH100',1),(4010,'PSYCH100',1),(4257,'PSYCH100',1),(4315,'PSYCH100',1),(4330,'PSYCH100',1),(4333,'PSYCH100',1),(4344,'PSYCH100',1),(4387,'PSYCH100',1),(4405,'PSYCH100',1),(4528,'PSYCH100',1),(4599,'PSYCH100',1),(4641,'PSYCH100',1),(4680,'PSYCH100',1),(4799,'PSYCH100',1),(4837,'PSYCH100',1),(4973,'PSYCH100',1),(5013,'PSYCH100',1),(5096,'PSYCH100',1),
(1491,'SOC001',1),(1576,'SOC001',1),(1683,'SOC001',1),(2187,'SOC001',1),(2314,'SOC001',1),(2386,'SOC001',1),(2415,'SOC001',1),(2559,'SOC001',1),(3205,'SOC001',1),(3342,'SOC001',1),(3519,'SOC001',1),(3560,'SOC001',1),(3631,'SOC001',1),(3805,'SOC001',1),(3807,'SOC001',1),(3849,'SOC001',1),(3927,'SOC001',1),(4106,'SOC001',1),(4187,'SOC001',1),(4298,'SOC001',1),(4369,'SOC001',1),(4448,'SOC001',1),(4752,'SOC001',1),(4772,'SOC001',1),(4847,'SOC001',1),(4984,'SOC001',1),
(1377,'SOC001',2),(1626,'SOC001',2),(1673,'SOC001',2),(2011,'SOC001',2),(2221,'SOC001',2),(2436,'SOC001',2),(2682,'SOC001',2),(2928,'SOC001',2),(3310,'SOC001',2),(3346,'SOC001',2),(3409,'SOC001',2),(3500,'SOC001',2),(4315,'SOC001',2),(4463,'SOC001',2),(4643,'SOC001',2),(4649,'SOC001',2),(4691,'SOC001',2),(5146,'SOC001',2),
(1062,'STAT200',1),(1164,'STAT200',1),(1350,'STAT200',1),(1512,'STAT200',1),(1813,'STAT200',1),(2266,'STAT200',1),(2310,'STAT200',1),(2769,'STAT200',1),(2833,'STAT200',1),(2878,'STAT200',1),(3133,'STAT200',1),(3179,'STAT200',1),(3193,'STAT200',1),(3409,'STAT200',1),(3575,'STAT200',1),(3613,'STAT200',1),(3737,'STAT200',1),(4002,'STAT200',1),(4020,'STAT200',1),(4287,'STAT200',1),(4689,'STAT200',1),(4716,'STAT200',1),(4760,'STAT200',1),(4866,'STAT200',1),
(1006,'STAT200',2),(1086,'STAT200',2),(1323,'STAT200',2),(2053,'STAT200',2),(2238,'STAT200',2),(2298,'STAT200',2),(2322,'STAT200',2),(2590,'STAT200',2),(2634,'STAT200',2),(2660,'STAT200',2),(2824,'STAT200',2),(2889,'STAT200',2),(2981,'STAT200',2),(2989,'STAT200',2),(3080,'STAT200',2),(3092,'STAT200',2),(3112,'STAT200',2),(3342,'STAT200',2),(3888,'STAT200',2),(3961,'STAT200',2),(3963,'STAT200',2),(3975,'STAT200',2),(4380,'STAT200',2),(4433,'STAT200',2),(4518,'STAT200',2),(4567,'STAT200',2),(4772,'STAT200',2),(4837,'STAT200',2),(4973,'STAT200',2)
;










